Method,Avg_Precision,Avg_Recall,Avg_F1,Avg_Accuracy
Stability-Based,0.5766825056932123,0.4268571428571429,0.45489587987318175,0.9433909138635919
With PCA,0.8176328235734396,0.7615222222222221,0.7761881524533099,0.9634952380952382
Without PCA (Euclidean),0.8859468575929964,0.6799222222222223,0.7423791660989337,0.9602285714285713
