Method,Avg_Precision,Avg_Recall,Avg_F1,Avg_Accuracy,Notes
Stability-Based,0.5766825056932123,0.4268571428571429,0.4548958798731817,0.943390913863592,"Multiple k-means runs, instability scoring"
With PCA,0.8176328235734396,0.7615222222222221,0.7761881524533099,0.9634952380952382,"Fixed sigma=3.5, PCA dimensionality reduction"
Without PCA (Fixed),0.8859468575929964,0.6799222222222223,0.7423791660989337,0.9602285714285712,"Fixed sigma=3.5, percentile=90"
Adaptive (Fully Dynamic),0.835736350859475,0.6819888888888891,0.7068560784487765,0.9604072925691184,"Adaptive sigma, relative fractions (0.10/0.33)"
