Method,Avg_Precision,Avg_Recall,Avg_F1,Avg_Accuracy
Without PCA (Euclidean),0.8859468575929964,0.6799222222222223,0.7423791660989337,0.9602285714285712
Adaptive (No PCA),0.835736350859475,0.6724650793650795,0.7017278733205714,0.9604066928707665
Difference (Adaptive - Original),-0.050210506733521454,-0.007457142857142829,-0.040651292778362325,0.00017812144219531145
